id,timestamp,source_ip,dest_ip,port,protocol,threat_type,severity,attack_category,confidence,details,dataset,country,city,latitude,longitude,dest_country,dest_city,dest_latitude,dest_longitude
57446,13:17:48,64.76.138.177,76.251.143.153,5432,DNS,Malware Download,Critical,Email,1.0,Detected Malware Download from external source,CSE-CIC-IDS 2018 (Enterprise API/Web Threats),Brazil,São Paulo,-23.5505,-46.6333,United Kingdom,London,51.5074,-0.1278
72614,13:17:48,42.197.132.70,66.199.97.136,3306,ICMP,Botnet Activity,Critical,Web,1.0,Detected Botnet Activity from external source,CSE-CIC-IDS 2018 (Enterprise API/Web Threats),India,Mumbai,19.076,72.8777,India,Bengaluru,12.9716,77.5946
86632,13:17:48,218.19.163.197,192.185.201.191,22,DNS,HTTP Flood on API Gateway,Critical,Email,1.0,Detected HTTP Flood on API Gateway from external source,CSE-CIC-IDS 2018 (Enterprise API/Web Threats),Japan,Tokyo,35.6895,139.6917,India,Bengaluru,12.9716,77.5946
51879,13:17:48,70.15.64.189,169.220.133.91,53,HTTP,API Key Leakage,Critical,Application,0.92,Detected API Key Leakage from external source,CIC-IDS 2017 (HTTP & Web Attacks),Canada,Toronto,43.65107,-79.347015,United Kingdom,London,51.5074,-0.1278
26122,13:17:48,199.19.177.125,252.179.114.70,22,ICMP,DDoS Attack,Critical,API,1.0,Detected DDoS Attack from internal source,TON_IoT HTTP/REST Dataset,Brazil,São Paulo,-23.5505,-46.6333,Canada,Toronto,43.65107,-79.347015
65806,13:17:48,174.145.248.36,153.106.78.99,139,TCP,Ransomware,High,API,0.79,Detected Ransomware from external source,CSIC 2010 HTTP Web Attack Dataset,Singapore,Singapore,1.3521,103.8198,India,Bengaluru,12.9716,77.5946
11884,13:17:48,17.244.161.221,202.62.114.23,5432,TCP,Zero-Day Exploit,Critical,Email,0.98,Detected Zero-Day Exploit from external source,Academic WAF Log Datasets (Sanitized),India,Mumbai,19.076,72.8777,India,Bengaluru,12.9716,77.5946
55122,13:17:48,102.9.148.158,246.125.15.253,21,HTTPS,Data Exfiltration,Critical,DNS,1.0,Detected Data Exfiltration from internal source,HTTP Request Anomaly Research Datasets,India,Mumbai,19.076,72.8777,United Kingdom,London,51.5074,-0.1278
88696,13:17:48,209.87.45.47,79.169.205.80,445,ICMP,Botnet Activity,Critical,DNS,1.0,Detected Botnet Activity from internal source,SANTA Web Attack Dataset,Germany,Frankfurt,50.1109,8.6821,United Kingdom,London,51.5074,-0.1278
53289,13:17:48,22.19.156.77,140.51.190.254,22,DNS,Data Exfiltration,Critical,API,0.94,Detected Data Exfiltration from external source,OWASP WebGoat Logs Dataset,United Kingdom,London,51.5074,-0.1278,Germany,Frankfurt,50.1109,8.6821
80314,13:17:50,48.129.224.183,113.148.79.223,3306,HTTP,DDoS Attack,Critical,Email,1.0,Detected DDoS Attack from external source,Bot-IoT (API Botnet & Anomalies),United Kingdom,London,51.5074,-0.1278,India,Mumbai,19.076,72.8777
73743,13:17:50,20.49.46.146,25.175.218.6,21,HTTPS,Brute Force Login,High,Endpoint,0.72,Detected Brute Force Login from internal source,SANTA Web Attack Dataset,United States,San Francisco,37.7749,-122.4194,Australia,Sydney,-33.8688,151.2093
60794,13:17:50,210.111.28.189,215.125.254.150,139,ICMP,API Key Leakage,Critical,Network,0.99,Detected API Key Leakage from external source,CIC-IDS 2017 (HTTP & Web Attacks),United States,San Francisco,37.7749,-122.4194,India,Bengaluru,12.9716,77.5946
45693,13:17:50,234.49.169.118,237.228.215.174,22,UDP,GraphQL Introspection Abuse,Critical,Web,1.0,Detected GraphQL Introspection Abuse from external source,AWS Open Data – Web & API Logs,United States,San Francisco,37.7749,-122.4194,Germany,Frankfurt,50.1109,8.6821
17723,13:17:50,247.191.59.124,110.126.150.69,53,TCP,Privilege Escalation,Critical,API,1.0,Detected Privilege Escalation from external source,CSIC 2010 HTTP Web Attack Dataset,United States,New York,40.7128,-74.006,United States,San Francisco,37.7749,-122.4194
91370,13:17:50,95.52.102.172,54.239.11.89,123,ICMP,DDoS Attack,Critical,API,0.98,Detected DDoS Attack from internal source,SWaT & WADI ICS HTTP/API Traces,Brazil,São Paulo,-23.5505,-46.6333,United Kingdom,London,51.5074,-0.1278
81617,13:17:52,243.171.240.100,185.111.230.71,53,HTTP,Botnet Activity,Critical,Web,1.0,Detected Botnet Activity from internal source,TON_IoT HTTP/REST Dataset,United States,San Francisco,37.7749,-122.4194,Australia,Sydney,-33.8688,151.2093
28903,13:17:52,16.90.61.60,232.5.44.117,443,HTTPS,Port Scan,Critical,Web,1.0,Detected Port Scan from internal source,OWASP WebGoat Logs Dataset,India,Mumbai,19.076,72.8777,United Kingdom,London,51.5074,-0.1278
19975,13:17:52,122.9.244.191,185.78.42.54,445,HTTPS,Botnet Activity,Critical,Email,0.98,Detected Botnet Activity from external source,CSE-CIC-IDS 2018 (Enterprise API/Web Threats),United States,San Francisco,37.7749,-122.4194,South Africa,Johannesburg,-26.2041,28.0473
69035,13:17:52,198.189.98.202,96.47.32.246,443,ICMP,GraphQL Introspection Abuse,Critical,API,0.99,Detected GraphQL Introspection Abuse from external source,CSIC 2010 HTTP Web Attack Dataset,United States,San Francisco,37.7749,-122.4194,Japan,Tokyo,35.6895,139.6917
97364,13:17:52,213.21.14.108,108.217.115.232,21,DNS,JWT Token Abuse,Critical,Email,1.0,Detected JWT Token Abuse from internal source,CSE-CIC-IDS 2018 (Enterprise API/Web Threats),India,Bengaluru,12.9716,77.5946,South Africa,Johannesburg,-26.2041,28.0473
67298,13:17:52,130.11.114.71,126.120.72.56,22,HTTP,DNS Tunneling,Critical,API,1.0,Detected DNS Tunneling from external source,CSE-CIC-IDS 2018 (Enterprise API/Web Threats),India,Bengaluru,12.9716,77.5946,United States,San Francisco,37.7749,-122.4194
24614,13:17:52,27.241.222.15,115.191.122.35,445,HTTPS,Phishing,Critical,API,1.0,Detected Phishing from external source,CERT Network Flow Data (API Misuse),Australia,Sydney,-33.8688,151.2093,India,Mumbai,19.076,72.8777
38533,13:17:52,213.189.88.167,73.61.10.79,80,HTTP,XSS Attempt,Critical,DNS,0.99,Detected XSS Attempt from internal source,OWASP WebGoat Logs Dataset,Germany,Frankfurt,50.1109,8.6821,India,Bengaluru,12.9716,77.5946
28731,13:17:52,206.185.229.192,245.100.202.145,80,UDP,HTTP Flood on API Gateway,Critical,DNS,0.97,Detected HTTP Flood on API Gateway from internal source,HTTP Request Anomaly Research Datasets,Germany,Frankfurt,50.1109,8.6821,South Africa,Johannesburg,-26.2041,28.0473
34469,13:17:52,88.65.80.117,244.177.134.80,3306,HTTPS,JWT Token Abuse,Critical,Web,0.98,Detected JWT Token Abuse from internal source,CERT Network Flow Data (API Misuse),Brazil,São Paulo,-23.5505,-46.6333,Australia,Sydney,-33.8688,151.2093
84396,13:17:52,15.159.226.101,159.20.215.83,80,HTTP,Phishing,High,Application,0.84,Detected Phishing from internal source,HTTP Request Anomaly Research Datasets,Australia,Sydney,-33.8688,151.2093,Japan,Tokyo,35.6895,139.6917
56838,13:17:52,86.91.51.191,45.212.115.72,22,DNS,Port Scan,Critical,Application,0.98,Detected Port Scan from external source,OWASP WebGoat Logs Dataset,United States,New York,40.7128,-74.006,United Kingdom,London,51.5074,-0.1278
23839,13:17:52,155.39.159.78,41.252.242.100,53,DNS,Data Exfiltration,Critical,Application,0.99,Detected Data Exfiltration from internal source,Academic WAF Log Datasets (Sanitized),United States,New York,40.7128,-74.006,South Africa,Johannesburg,-26.2041,28.0473
30564,13:17:52,224.179.191.152,35.239.83.107,22,HTTPS,JWT Token Abuse,Critical,Web,1.0,Detected JWT Token Abuse from internal source,Academic WAF Log Datasets (Sanitized),Germany,Frankfurt,50.1109,8.6821,Australia,Sydney,-33.8688,151.2093
61579,13:17:52,121.202.218.67,21.179.213.142,25,DNS,GraphQL Introspection Abuse,Critical,Application,0.99,Detected GraphQL Introspection Abuse from internal source,OWASP WebGoat Logs Dataset,Japan,Tokyo,35.6895,139.6917,Singapore,Singapore,1.3521,103.8198
75180,13:17:53,193.214.104.156,82.249.26.38,443,HTTP,Botnet Activity,High,Application,0.83,Detected Botnet Activity from external source,OWASP WebGoat Logs Dataset,United States,San Francisco,37.7749,-122.4194,United Kingdom,London,51.5074,-0.1278
57193,13:17:53,172.88.232.226,99.153.173.144,443,HTTPS,DNS Tunneling,Critical,Endpoint,0.99,Detected DNS Tunneling from internal source,Bot-IoT (API Botnet & Anomalies),Australia,Sydney,-33.8688,151.2093,Germany,Frankfurt,50.1109,8.6821
12019,13:17:53,24.35.30.169,213.226.45.114,53,HTTPS,Phishing,Critical,Application,0.99,Detected Phishing from external source,CERT Network Flow Data (API Misuse),Germany,Frankfurt,50.1109,8.6821,India,Mumbai,19.076,72.8777
90914,13:17:55,202.164.166.229,36.255.4.161,3306,HTTPS,HTTP Flood on API Gateway,High,Network,0.84,Detected HTTP Flood on API Gateway from external source,UNSW-NB15 (Modern Web & App Attacks),United Kingdom,London,51.5074,-0.1278,Canada,Toronto,43.65107,-79.347015
82820,13:17:55,220.192.130.181,12.126.57.13,445,HTTP,Data Exfiltration,Critical,Network,1.0,Detected Data Exfiltration from internal source,CERT Network Flow Data (API Misuse),Japan,Tokyo,35.6895,139.6917,United Kingdom,London,51.5074,-0.1278
90369,13:17:55,132.127.76.87,247.240.95.124,21,DNS,Phishing,Critical,Email,0.94,Detected Phishing from external source,CIC-BELL-DNS 2021 (DNS Abuse & Routing),United States,New York,40.7128,-74.006,Germany,Frankfurt,50.1109,8.6821
44477,13:17:55,210.144.192.149,125.198.125.35,53,DNS,Mass Assignment in JSON API,Critical,Endpoint,1.0,Detected Mass Assignment in JSON API from internal source,TON_IoT HTTP/REST Dataset,United Kingdom,London,51.5074,-0.1278,Canada,Toronto,43.65107,-79.347015
87238,13:17:55,242.200.142.54,121.172.32.16,53,ICMP,Botnet Activity,Critical,Network,1.0,Detected Botnet Activity from internal source,CERT Network Flow Data (API Misuse),Singapore,Singapore,1.3521,103.8198,United States,San Francisco,37.7749,-122.4194
60034,13:17:55,119.193.232.64,200.75.201.235,21,UDP,Phishing,Critical,Endpoint,1.0,Detected Phishing from external source,HTTP Request Anomaly Research Datasets,United Kingdom,London,51.5074,-0.1278,South Africa,Johannesburg,-26.2041,28.0473
21848,13:17:55,196.139.179.200,19.254.152.173,22,DNS,API Key Leakage,Critical,Application,1.0,Detected API Key Leakage from external source,CERT Network Flow Data (API Misuse),Canada,Toronto,43.65107,-79.347015,Singapore,Singapore,1.3521,103.8198
37173,13:17:55,121.194.57.183,9.62.175.212,139,ICMP,Man-in-the-Middle,Critical,Application,0.92,Detected Man-in-the-Middle from external source,CERT Network Flow Data (API Misuse),Germany,Frankfurt,50.1109,8.6821,Australia,Sydney,-33.8688,151.2093
40110,13:17:57,190.230.106.168,210.85.221.71,22,HTTP,JWT Token Abuse,High,DNS,0.78,Detected JWT Token Abuse from internal source,CERT Network Flow Data (API Misuse),Australia,Sydney,-33.8688,151.2093,India,Mumbai,19.076,72.8777
73445,13:17:57,252.128.118.67,115.111.126.180,445,UDP,Broken Object Level Authorization (BOLA),Medium,Web,0.7,Detected Broken Object Level Authorization (BOLA) from external source,SWaT & WADI ICS HTTP/API Traces,India,Mumbai,19.076,72.8777,Singapore,Singapore,1.3521,103.8198
73886,13:17:57,70.167.98.206,155.144.87.60,123,DNS,REST Endpoint Enumeration,Critical,Web,0.99,Detected REST Endpoint Enumeration from internal source,HTTP Request Anomaly Research Datasets,Germany,Frankfurt,50.1109,8.6821,United States,San Francisco,37.7749,-122.4194
54792,13:17:57,130.177.40.229,165.234.188.176,80,DNS,Brute Force Login,Critical,Application,1.0,Detected Brute Force Login from external source,UNSW-NB15 (Modern Web & App Attacks),United Kingdom,London,51.5074,-0.1278,Australia,Sydney,-33.8688,151.2093
22604,13:17:57,221.220.155.62,84.255.131.82,22,UDP,Mass Assignment in JSON API,Critical,Application,0.96,Detected Mass Assignment in JSON API from external source,SWaT & WADI ICS HTTP/API Traces,Australia,Sydney,-33.8688,151.2093,Brazil,São Paulo,-23.5505,-46.6333
33872,13:17:57,110.46.113.94,97.142.42.23,3306,HTTP,Brute Force Login,Critical,Network,1.0,Detected Brute Force Login from external source,UNSW-NB15 (Modern Web & App Attacks),Japan,Tokyo,35.6895,139.6917,Brazil,São Paulo,-23.5505,-46.6333
61199,13:17:57,218.231.126.179,221.75.37.153,5432,TCP,API Authentication Brute Force,Medium,Network,0.65,Detected API Authentication Brute Force from external source,CIC-IDS 2017 (HTTP & Web Attacks),Germany,Frankfurt,50.1109,8.6821,Canada,Toronto,43.65107,-79.347015
19121,13:17:57,204.71.209.184,59.104.38.98,443,DNS,API Key Leakage,Critical,API,1.0,Detected API Key Leakage from internal source,CIC-BELL-DNS 2021 (DNS Abuse & Routing),India,Bengaluru,12.9716,77.5946,Singapore,Singapore,1.3521,103.8198
82111,13:17:59,166.186.4.173,55.48.89.167,123,TCP,Port Scan,Critical,DNS,0.98,Detected Port Scan from internal source,AWS Open Data – Web & API Logs,Japan,Tokyo,35.6895,139.6917,India,Bengaluru,12.9716,77.5946
75459,13:17:59,234.245.145.62,144.111.34.17,25,UDP,Port Scan,Critical,Web,0.97,Detected Port Scan from external source,Academic WAF Log Datasets (Sanitized),United Kingdom,London,51.5074,-0.1278,India,Bengaluru,12.9716,77.5946
37610,13:17:59,59.203.51.246,136.59.15.104,21,HTTPS,Brute Force Login,Critical,Application,0.94,Detected Brute Force Login from internal source,AWS Open Data – Web & API Logs,United States,New York,40.7128,-74.006,United Kingdom,London,51.5074,-0.1278
98757,13:17:59,239.144.65.76,239.36.130.28,5432,HTTP,Man-in-the-Middle,Critical,Web,0.98,Detected Man-in-the-Middle from external source,CIC-IDS 2017 (HTTP & Web Attacks),United States,New York,40.7128,-74.006,United Kingdom,London,51.5074,-0.1278
31051,13:18:01,9.102.50.251,5.75.84.217,21,TCP,DDoS Attack,Critical,Web,1.0,Detected DDoS Attack from internal source,CIC-IDS 2017 (HTTP & Web Attacks),Singapore,Singapore,1.3521,103.8198,India,Bengaluru,12.9716,77.5946
69465,13:18:01,227.254.221.67,179.30.88.237,22,DNS,SQL Injection,Critical,Network,1.0,Detected SQL Injection from external source,CSIC 2010 HTTP Web Attack Dataset,United States,New York,40.7128,-74.006,United Kingdom,London,51.5074,-0.1278
50792,13:18:01,112.148.70.126,85.53.10.7,8080,HTTP,Zero-Day Exploit,Critical,Email,1.0,Detected Zero-Day Exploit from internal source,CIC-IDS 2017 (HTTP & Web Attacks),Brazil,São Paulo,-23.5505,-46.6333,United States,San Francisco,37.7749,-122.4194
12417,13:18:01,206.110.152.112,231.66.135.212,22,HTTP,API Authentication Brute Force,High,Web,0.81,Detected API Authentication Brute Force from internal source,Bot-IoT (API Botnet & Anomalies),India,Mumbai,19.076,72.8777,Brazil,São Paulo,-23.5505,-46.6333
76220,13:18:01,207.114.151.187,46.213.45.111,22,DNS,Brute Force Login,Critical,Network,1.0,Detected Brute Force Login from internal source,SWaT & WADI ICS HTTP/API Traces,Australia,Sydney,-33.8688,151.2093,South Africa,Johannesburg,-26.2041,28.0473
91813,13:18:03,156.206.99.234,162.27.201.87,8080,HTTP,API Authentication Brute Force,Critical,API,1.0,Detected API Authentication Brute Force from external source,Academic WAF Log Datasets (Sanitized),United States,New York,40.7128,-74.006,Canada,Toronto,43.65107,-79.347015
35474,13:18:03,254.194.9.115,111.221.42.131,22,DNS,Malware Download,Critical,DNS,0.93,Detected Malware Download from internal source,UNSW-NB15 (Modern Web & App Attacks),Australia,Sydney,-33.8688,151.2093,South Africa,Johannesburg,-26.2041,28.0473
28368,13:18:03,25.15.161.141,205.149.125.149,22,ICMP,GraphQL Introspection Abuse,Critical,Email,0.97,Detected GraphQL Introspection Abuse from internal source,Academic WAF Log Datasets (Sanitized),India,Bengaluru,12.9716,77.5946,India,Mumbai,19.076,72.8777
66007,13:18:03,132.169.208.152,15.18.246.204,21,TCP,Ransomware,Critical,Email,1.0,Detected Ransomware from external source,SANTA Web Attack Dataset,South Africa,Johannesburg,-26.2041,28.0473,Brazil,São Paulo,-23.5505,-46.6333
86218,13:18:03,132.157.228.98,81.37.93.128,123,DNS,Insecure Direct Object Reference on API,Critical,Endpoint,1.0,Detected Insecure Direct Object Reference on API from internal source,TON_IoT HTTP/REST Dataset,United States,San Francisco,37.7749,-122.4194,Brazil,São Paulo,-23.5505,-46.6333
70100,13:18:03,225.108.218.112,244.249.190.9,8080,HTTPS,API Key Leakage,High,Application,0.84,Detected API Key Leakage from external source,SWaT & WADI ICS HTTP/API Traces,India,Mumbai,19.076,72.8777,Australia,Sydney,-33.8688,151.2093
74712,13:18:03,39.172.102.203,30.69.192.205,53,HTTP,DDoS Attack,Critical,Email,0.99,Detected DDoS Attack from internal source,CSIC 2010 HTTP Web Attack Dataset,United Kingdom,London,51.5074,-0.1278,Brazil,São Paulo,-23.5505,-46.6333
39919,13:18:03,47.117.235.77,167.147.151.175,3306,ICMP,SQL Injection,Critical,Endpoint,0.98,Detected SQL Injection from internal source,Academic WAF Log Datasets (Sanitized),South Africa,Johannesburg,-26.2041,28.0473,Brazil,São Paulo,-23.5505,-46.6333
27311,13:18:03,219.9.32.164,226.25.6.249,445,DNS,Brute Force Login,Critical,Application,1.0,Detected Brute Force Login from external source,CSE-CIC-IDS 2018 (Enterprise API/Web Threats),United Kingdom,London,51.5074,-0.1278,Germany,Frankfurt,50.1109,8.6821
63406,13:18:03,200.151.56.132,38.78.76.69,53,DNS,Ransomware,Critical,Web,0.99,Detected Ransomware from external source,UNSW-NB15 (Modern Web & App Attacks),Japan,Tokyo,35.6895,139.6917,Brazil,São Paulo,-23.5505,-46.6333
85805,13:18:03,216.37.48.237,52.22.179.154,8080,TCP,Zero-Day Exploit,Critical,API,0.99,Detected Zero-Day Exploit from internal source,CSE-CIC-IDS 2018 (Enterprise API/Web Threats),Brazil,São Paulo,-23.5505,-46.6333,South Africa,Johannesburg,-26.2041,28.0473
50345,13:18:03,249.200.245.153,229.161.178.179,139,ICMP,Ransomware,Low,Application,0.49,Detected Ransomware from internal source,HTTP Request Anomaly Research Datasets,India,Bengaluru,12.9716,77.5946,Australia,Sydney,-33.8688,151.2093
45683,13:18:03,2.6.171.159,109.247.110.1,443,TCP,Data Exfiltration,Critical,API,0.99,Detected Data Exfiltration from internal source,SWaT & WADI ICS HTTP/API Traces,Australia,Sydney,-33.8688,151.2093,Canada,Toronto,43.65107,-79.347015
21719,13:18:04,21.183.80.227,108.149.14.211,445,ICMP,HTTP Flood on API Gateway,Critical,Network,0.99,Detected HTTP Flood on API Gateway from external source,CIC-BELL-DNS 2021 (DNS Abuse & Routing),Brazil,São Paulo,-23.5505,-46.6333,Australia,Sydney,-33.8688,151.2093
18308,13:18:04,241.36.120.92,56.80.114.94,80,ICMP,SQL Injection,High,Web,0.8,Detected SQL Injection from internal source,CIC-DDoS 2019 (HTTP Floods),United States,San Francisco,37.7749,-122.4194,South Africa,Johannesburg,-26.2041,28.0473
10715,13:18:04,154.13.22.53,225.248.153.191,80,UDP,Ransomware,Critical,Endpoint,1.0,Detected Ransomware from external source,HTTP Request Anomaly Research Datasets,Canada,Toronto,43.65107,-79.347015,Germany,Frankfurt,50.1109,8.6821
90985,13:18:06,168.225.15.74,210.172.93.115,22,ICMP,Port Scan,Critical,Web,0.99,Detected Port Scan from external source,SANTA Web Attack Dataset,Japan,Tokyo,35.6895,139.6917,United Kingdom,London,51.5074,-0.1278
22909,13:18:06,197.96.225.227,108.164.122.255,443,HTTP,HTTP Flood on API Gateway,Critical,Email,1.0,Detected HTTP Flood on API Gateway from internal source,Bot-IoT (API Botnet & Anomalies),Canada,Toronto,43.65107,-79.347015,United States,New York,40.7128,-74.006
80142,13:18:06,64.142.130.78,186.93.141.78,21,UDP,API Key Leakage,Critical,Network,0.93,Detected API Key Leakage from external source,CERT Network Flow Data (API Misuse),United States,New York,40.7128,-74.006,Canada,Toronto,43.65107,-79.347015
85121,13:18:06,41.22.138.150,239.56.147.148,443,UDP,Malware Download,Critical,Email,1.0,Detected Malware Download from internal source,HTTP Request Anomaly Research Datasets,India,Mumbai,19.076,72.8777,United Kingdom,London,51.5074,-0.1278
42247,13:18:06,117.151.48.243,42.158.6.40,21,ICMP,REST Endpoint Enumeration,Critical,Application,0.97,Detected REST Endpoint Enumeration from external source,CERT Network Flow Data (API Misuse),Canada,Toronto,43.65107,-79.347015,United States,New York,40.7128,-74.006
65222,13:18:06,83.48.70.40,253.67.34.128,21,UDP,Insecure Direct Object Reference on API,Critical,Application,1.0,Detected Insecure Direct Object Reference on API from internal source,CIC-DDoS 2019 (HTTP Floods),Japan,Tokyo,35.6895,139.6917,South Africa,Johannesburg,-26.2041,28.0473
12918,13:18:06,198.251.13.217,152.115.78.125,25,HTTPS,Insecure Direct Object Reference on API,Critical,Email,0.98,Detected Insecure Direct Object Reference on API from external source,CSIC 2010 HTTP Web Attack Dataset,India,Bengaluru,12.9716,77.5946,India,Mumbai,19.076,72.8777
11193,13:18:06,254.168.99.242,85.220.6.238,53,TCP,Brute Force Login,Critical,Application,1.0,Detected Brute Force Login from internal source,SANTA Web Attack Dataset,United States,San Francisco,37.7749,-122.4194,Japan,Tokyo,35.6895,139.6917
54913,13:18:06,171.224.70.253,76.54.237.255,5432,UDP,SQL Injection,Critical,Application,0.99,Detected SQL Injection from internal source,CIC-IDS 2017 (HTTP & Web Attacks),Germany,Frankfurt,50.1109,8.6821,South Africa,Johannesburg,-26.2041,28.0473
63143,13:18:06,193.160.60.158,138.132.113.85,443,ICMP,Mass Assignment in JSON API,Critical,API,0.99,Detected Mass Assignment in JSON API from internal source,CSIC 2010 HTTP Web Attack Dataset,Australia,Sydney,-33.8688,151.2093,Canada,Toronto,43.65107,-79.347015
37332,13:18:08,29.98.252.109,193.32.157.97,53,HTTP,DNS Tunneling,Critical,Endpoint,0.97,Detected DNS Tunneling from external source,SANTA Web Attack Dataset,United States,San Francisco,37.7749,-122.4194,Japan,Tokyo,35.6895,139.6917
60318,13:18:08,149.181.178.74,60.71.151.90,25,DNS,JWT Token Abuse,Critical,Email,0.94,Detected JWT Token Abuse from internal source,OWASP WebGoat Logs Dataset,India,Mumbai,19.076,72.8777,Canada,Toronto,43.65107,-79.347015
76175,13:18:08,68.64.128.106,86.27.166.218,123,HTTPS,Data Exfiltration,Critical,Application,0.98,Detected Data Exfiltration from internal source,SWaT & WADI ICS HTTP/API Traces,United States,San Francisco,37.7749,-122.4194,South Africa,Johannesburg,-26.2041,28.0473
36617,13:18:08,222.188.154.146,204.82.1.24,5432,HTTP,Man-in-the-Middle,Critical,API,1.0,Detected Man-in-the-Middle from internal source,CERT Network Flow Data (API Misuse),United States,San Francisco,37.7749,-122.4194,Canada,Toronto,43.65107,-79.347015
71473,13:18:08,254.20.88.47,239.240.74.141,80,HTTP,XSS Attempt,Critical,Web,0.99,Detected XSS Attempt from external source,UNSW-NB15 (Modern Web & App Attacks),United States,New York,40.7128,-74.006,India,Bengaluru,12.9716,77.5946
52606,13:18:08,183.67.199.64,94.110.29.109,5432,HTTP,SQL Injection,Critical,Application,0.97,Detected SQL Injection from external source,AWS Open Data – Web & API Logs,India,Mumbai,19.076,72.8777,United Kingdom,London,51.5074,-0.1278
79692,13:18:08,162.199.208.123,104.51.5.251,3306,ICMP,Data Exfiltration,Critical,DNS,1.0,Detected Data Exfiltration from external source,CIC-DDoS 2019 (HTTP Floods),Japan,Tokyo,35.6895,139.6917,United Kingdom,London,51.5074,-0.1278
58902,13:18:08,12.223.85.134,181.232.168.56,8080,DNS,API Authentication Brute Force,Critical,Email,1.0,Detected API Authentication Brute Force from internal source,HTTP Request Anomaly Research Datasets,United States,San Francisco,37.7749,-122.4194,India,Bengaluru,12.9716,77.5946
87792,13:18:08,106.77.87.233,132.176.3.30,25,TCP,XSS Attempt,Critical,DNS,0.9,Detected XSS Attempt from external source,CSE-CIC-IDS 2018 (Enterprise API/Web Threats),Australia,Sydney,-33.8688,151.2093,India,Bengaluru,12.9716,77.5946
19879,13:18:08,90.194.242.202,7.98.209.181,53,UDP,Brute Force Login,Critical,Network,0.87,Detected Brute Force Login from internal source,HTTP Request Anomaly Research Datasets,South Africa,Johannesburg,-26.2041,28.0473,Canada,Toronto,43.65107,-79.347015
26399,13:18:08,235.119.27.230,231.39.37.66,53,HTTP,REST Endpoint Enumeration,Critical,Endpoint,1.0,Detected REST Endpoint Enumeration from internal source,UNSW-NB15 (Modern Web & App Attacks),United States,New York,40.7128,-74.006,Canada,Toronto,43.65107,-79.347015
41698,13:18:08,199.21.82.207,49.21.139.85,53,HTTP,Zero-Day Exploit,Critical,DNS,1.0,Detected Zero-Day Exploit from internal source,HTTP Request Anomaly Research Datasets,Singapore,Singapore,1.3521,103.8198,South Africa,Johannesburg,-26.2041,28.0473
29143,13:18:08,72.243.172.119,67.70.46.121,123,ICMP,Mass Assignment in JSON API,Critical,API,1.0,Detected Mass Assignment in JSON API from external source,CSE-CIC-IDS 2018 (Enterprise API/Web Threats),United States,New York,40.7128,-74.006,India,Mumbai,19.076,72.8777
56490,13:18:08,67.198.170.218,164.171.108.67,139,ICMP,API Authentication Brute Force,Critical,Application,1.0,Detected API Authentication Brute Force from internal source,CERT Network Flow Data (API Misuse),United States,New York,40.7128,-74.006,Brazil,São Paulo,-23.5505,-46.6333
33100,13:18:10,190.68.8.41,253.140.14.218,22,HTTPS,Brute Force Login,High,Application,0.83,Detected Brute Force Login from external source,CSE-CIC-IDS 2018 (Enterprise API/Web Threats),Brazil,São Paulo,-23.5505,-46.6333,Singapore,Singapore,1.3521,103.8198
66932,13:18:10,14.248.189.178,151.132.180.184,25,HTTP,JWT Token Abuse,Critical,Email,1.0,Detected JWT Token Abuse from external source,UNSW-NB15 (Modern Web & App Attacks),India,Mumbai,19.076,72.8777,Germany,Frankfurt,50.1109,8.6821
21319,13:18:10,249.92.240.229,117.138.112.86,21,UDP,DDoS Attack,Critical,Application,0.99,Detected DDoS Attack from external source,AWS Open Data – Web & API Logs,India,Bengaluru,12.9716,77.5946,Brazil,São Paulo,-23.5505,-46.6333
59477,13:18:10,24.168.169.159,95.146.141.70,25,HTTPS,Broken Object Level Authorization (BOLA),Critical,Network,1.0,Detected Broken Object Level Authorization (BOLA) from internal source,CIC-BELL-DNS 2021 (DNS Abuse & Routing),Japan,Tokyo,35.6895,139.6917,India,Bengaluru,12.9716,77.5946
69751,13:18:10,157.34.66.81,169.77.69.69,80,HTTP,Broken Object Level Authorization (BOLA),Critical,Email,0.99,Detected Broken Object Level Authorization (BOLA) from internal source,Bot-IoT (API Botnet & Anomalies),Canada,Toronto,43.65107,-79.347015,Brazil,São Paulo,-23.5505,-46.6333
11023,13:18:10,119.219.51.160,84.103.163.71,123,DNS,Ransomware,Critical,Application,0.99,Detected Ransomware from external source,TON_IoT HTTP/REST Dataset,India,Mumbai,19.076,72.8777,Canada,Toronto,43.65107,-79.347015
54009,13:18:10,246.105.38.187,112.101.28.61,80,TCP,Phishing,Critical,DNS,1.0,Detected Phishing from internal source,AWS Open Data – Web & API Logs,Japan,Tokyo,35.6895,139.6917,Singapore,Singapore,1.3521,103.8198
31705,13:18:10,66.133.53.193,90.221.144.72,5432,HTTPS,Malware Download,Critical,API,1.0,Detected Malware Download from internal source,CIC-DDoS 2019 (HTTP Floods),Australia,Sydney,-33.8688,151.2093,United States,New York,40.7128,-74.006
39005,13:18:10,27.224.229.160,129.139.12.234,3306,DNS,DNS Tunneling,Critical,Email,0.93,Detected DNS Tunneling from internal source,HTTP Request Anomaly Research Datasets,United States,San Francisco,37.7749,-122.4194,India,Mumbai,19.076,72.8777
61665,13:18:10,103.153.169.223,85.212.46.140,3306,HTTPS,HTTP Flood on API Gateway,Critical,API,0.99,Detected HTTP Flood on API Gateway from internal source,CIC-DDoS 2019 (HTTP Floods),United Kingdom,London,51.5074,-0.1278,Japan,Tokyo,35.6895,139.6917
15940,13:18:10,143.130.99.219,135.224.68.221,123,TCP,Privilege Escalation,Critical,Email,1.0,Detected Privilege Escalation from internal source,UNSW-NB15 (Modern Web & App Attacks),Singapore,Singapore,1.3521,103.8198,South Africa,Johannesburg,-26.2041,28.0473
44985,13:18:10,126.114.121.98,42.19.246.5,25,DNS,GraphQL Introspection Abuse,High,Network,0.85,Detected GraphQL Introspection Abuse from internal source,OWASP WebGoat Logs Dataset,Germany,Frankfurt,50.1109,8.6821,India,Bengaluru,12.9716,77.5946
66693,13:18:10,30.101.88.53,101.118.138.231,80,UDP,DNS Tunneling,Critical,Web,0.97,Detected DNS Tunneling from external source,HTTP Request Anomaly Research Datasets,United States,New York,40.7128,-74.006,Australia,Sydney,-33.8688,151.2093
78038,13:18:10,205.157.175.162,24.196.241.201,80,ICMP,Insecure Direct Object Reference on API,Critical,Application,1.0,Detected Insecure Direct Object Reference on API from external source,CSIC 2010 HTTP Web Attack Dataset,South Africa,Johannesburg,-26.2041,28.0473,India,Mumbai,19.076,72.8777
66668,13:18:10,118.196.142.148,183.233.124.93,80,DNS,Man-in-the-Middle,Critical,API,0.9,Detected Man-in-the-Middle from external source,SWaT & WADI ICS HTTP/API Traces,Singapore,Singapore,1.3521,103.8198,India,Bengaluru,12.9716,77.5946
15961,13:18:10,101.124.230.75,74.37.78.144,445,ICMP,Brute Force Login,Critical,Web,0.99,Detected Brute Force Login from external source,CSE-CIC-IDS 2018 (Enterprise API/Web Threats),Brazil,São Paulo,-23.5505,-46.6333,United Kingdom,London,51.5074,-0.1278
39968,13:18:12,226.172.191.212,22.19.210.94,53,HTTPS,API Key Leakage,Critical,Email,0.96,Detected API Key Leakage from external source,CSE-CIC-IDS 2018 (Enterprise API/Web Threats),Germany,Frankfurt,50.1109,8.6821,Brazil,São Paulo,-23.5505,-46.6333
84089,13:18:13,181.90.57.57,187.15.187.190,123,TCP,Port Scan,Critical,API,0.99,Detected Port Scan from external source,SWaT & WADI ICS HTTP/API Traces,India,Mumbai,19.076,72.8777,United States,New York,40.7128,-74.006
78670,13:18:13,68.74.129.56,90.111.227.105,3306,HTTPS,Port Scan,Critical,Email,0.99,Detected Port Scan from external source,CSIC 2010 HTTP Web Attack Dataset,India,Mumbai,19.076,72.8777,Australia,Sydney,-33.8688,151.2093
46176,13:18:13,120.13.194.169,219.191.94.152,8080,UDP,REST Endpoint Enumeration,High,Application,0.75,Detected REST Endpoint Enumeration from internal source,CIC-BELL-DNS 2021 (DNS Abuse & Routing),Japan,Tokyo,35.6895,139.6917,Brazil,São Paulo,-23.5505,-46.6333
32437,13:18:13,35.20.206.20,106.36.195.231,8080,UDP,JWT Token Abuse,Critical,API,0.91,Detected JWT Token Abuse from internal source,Bot-IoT (API Botnet & Anomalies),India,Bengaluru,12.9716,77.5946,Singapore,Singapore,1.3521,103.8198
90001,13:18:13,132.226.176.19,195.39.205.67,445,HTTP,Malware Download,Critical,Network,1.0,Detected Malware Download from external source,CERT Network Flow Data (API Misuse),Brazil,São Paulo,-23.5505,-46.6333,Australia,Sydney,-33.8688,151.2093
59798,13:18:13,39.19.106.243,236.166.16.148,8080,DNS,Zero-Day Exploit,Critical,Email,0.98,Detected Zero-Day Exploit from internal source,CIC-BELL-DNS 2021 (DNS Abuse & Routing),South Africa,Johannesburg,-26.2041,28.0473,India,Bengaluru,12.9716,77.5946
